dataset,img_path,labelCluster
ocelot,/home/michael/data/ProcessedHistology/Ocelot/inputs/original/197_0_30758_102527_31782_103551.tif,4
ocelot,/home/michael/data/ProcessedHistology/Ocelot/inputs/original/105_0_51232_45084_52256_46108.tif,5
ocelot,/home/michael/data/ProcessedHistology/Ocelot/inputs/original/568_0_155745_59429_156769_60453.tif,4
ocelot,/home/michael/data/ProcessedHistology/Ocelot/inputs/original/559_0_98398_32799_99422_33823.tif,4
ocelot,/home/michael/data/ProcessedHistology/Ocelot/inputs/original/555_0_59448_71748_60472_72772.tif,5
ocelot,/home/michael/data/ProcessedHistology/Ocelot/inputs/original/196_0_22556_38960_23580_39984.tif,5
ocelot,/home/michael/data/ProcessedHistology/Ocelot/inputs/original/261_0_114831_96376_115855_97400.tif,4
ocelot,/home/michael/data/ProcessedHistology/Ocelot/inputs/original/091_0_92247_57399_93271_58423.tif,4
ocelot,/home/michael/data/ProcessedHistology/Ocelot/inputs/original/454_0_125083_14354_126107_15378.tif,5
ocelot,/home/michael/data/ProcessedHistology/Ocelot/inputs/original/413_0_59429_59429_60453_60453.tif,5
ocelot,/home/michael/data/ProcessedHistology/Ocelot/inputs/original/464_0_14349_75847_15373_76871.tif,4
ocelot,/home/michael/data/ProcessedHistology/Ocelot/inputs/original/190_0_16404_12303_17428_13327.tif,4
ocelot,/home/michael/data/ProcessedHistology/Ocelot/inputs/original/070_0_34838_38936_35862_39960.tif,4
ocelot,/home/michael/data/ProcessedHistology/Ocelot/inputs/original/179_0_49214_38961_50238_39985.tif,5
ocelot,/home/michael/data/ProcessedHistology/Ocelot/inputs/original/295_0_4097_49168_5121_50192.tif,5
ocelot,/home/michael/data/ProcessedHistology/Ocelot/inputs/original/016_0_32768_30720_33792_31744.tif,5
ocelot,/home/michael/data/ProcessedHistology/Ocelot/inputs/original/360_0_157745_36876_158769_37900.tif,5
ocelot,/home/michael/data/ProcessedHistology/Ocelot/inputs/original/052_0_92188_43021_93212_44045.tif,5
ocelot,/home/michael/data/ProcessedHistology/Ocelot/inputs/original/659_0_4097_6145_5121_7169.tif,4
ocelot,/home/michael/data/ProcessedHistology/Ocelot/inputs/original/026_0_12288_30720_13312_31744.tif,5
ocelot,/home/michael/data/ProcessedHistology/Ocelot/inputs/original/043_0_192573_6145_193597_7169.tif,5
ocelot,/home/michael/data/ProcessedHistology/Ocelot/inputs/original/019_0_38912_65536_39936_66560.tif,5
ocelot,/home/michael/data/ProcessedHistology/Ocelot/inputs/original/188_0_69718_55365_70742_56389.tif,5
ocelot,/home/michael/data/ProcessedHistology/Ocelot/inputs/original/542_0_98335_47118_99359_48142.tif,4
ocelot,/home/michael/data/ProcessedHistology/Ocelot/inputs/original/585_0_110729_30758_111753_31782.tif,4
ocelot,/home/michael/data/ProcessedHistology/Ocelot/inputs/original/423_0_38936_81971_39960_82995.tif,5
ocelot,/home/michael/data/ProcessedHistology/Ocelot/inputs/original/134_0_32809_82022_33833_83046.tif,4
ocelot,/home/michael/data/ProcessedHistology/Ocelot/inputs/original/062_0_43021_6145_44045_7169.tif,5
ocelot,/home/michael/data/ProcessedHistology/Ocelot/inputs/original/035_0_83968_65536_84992_66560.tif,5
ocelot,/home/michael/data/ProcessedHistology/Ocelot/inputs/original/191_0_20505_26657_21529_27681.tif,4
ocelot,/home/michael/data/ProcessedHistology/Ocelot/inputs/original/176_0_69696_59446_70720_60470.tif,4
ocelot,/home/michael/data/ProcessedHistology/Ocelot/inputs/original/502_0_43008_8192_44032_9216.tif,5
ocelot,/home/michael/data/ProcessedHistology/Ocelot/inputs/original/219_0_118894_10249_119918_11273.tif,4
ocelot,/home/michael/data/ProcessedHistology/Ocelot/inputs/original/414_0_59429_73774_60453_74798.tif,4
ocelot,/home/michael/data/ProcessedHistology/Ocelot/inputs/original/491_0_6149_84047_7173_85071.tif,4
ocelot,/home/michael/data/ProcessedHistology/Ocelot/inputs/original/481_0_63567_18455_64591_19479.tif,5
ocelot,/home/michael/data/ProcessedHistology/Ocelot/inputs/original/500_0_34816_61440_35840_62464.tif,5
ocelot,/home/michael/data/ProcessedHistology/Ocelot/inputs/original/653_0_71769_67668_72793_68692.tif,4
ocelot,/home/michael/data/ProcessedHistology/Ocelot/inputs/original/113_0_163942_40985_164966_42009.tif,5
ocelot,/home/michael/data/ProcessedHistology/Ocelot/inputs/original/556_0_40999_14349_42023_15373.tif,4
ocelot,/home/michael/data/ProcessedHistology/Ocelot/inputs/original/081_0_49199_77898_50223_78922.tif,5
ocelot,/home/michael/data/ProcessedHistology/Ocelot/inputs/original/204_0_16404_32809_17428_33833.tif,5
ocelot,/home/michael/data/ProcessedHistology/Ocelot/inputs/original/385_0_71702_10243_72726_11267.tif,5
ocelot,/home/michael/data/ProcessedHistology/Ocelot/inputs/original/427_0_34826_53265_35850_54289.tif,5
ocelot,/home/michael/data/ProcessedHistology/Ocelot/inputs/original/489_0_100447_63548_101471_64572.tif,5
ocelot,/home/michael/data/ProcessedHistology/Ocelot/inputs/original/377_0_71702_18437_72726_19461.tif,5
ocelot,/home/michael/data/ProcessedHistology/Ocelot/inputs/original/501_0_59392_34816_60416_35840.tif,5
ocelot,/home/michael/data/ProcessedHistology/Ocelot/inputs/original/422_0_38936_61478_39960_62502.tif,5
ocelot,/home/michael/data/ProcessedHistology/Ocelot/inputs/original/156_0_69719_34859_70743_35883.tif,4
ocelot,/home/michael/data/ProcessedHistology/Ocelot/inputs/original/155_0_49213_84073_50237_85097.tif,4
ocelot,/home/michael/data/ProcessedHistology/Ocelot/inputs/original/272_0_34859_26657_35883_27681.tif,4
ocelot,/home/michael/data/ProcessedHistology/Ocelot/inputs/original/534_0_129064_14340_130088_15364.tif,4
ocelot,/home/michael/data/ProcessedHistology/Ocelot/inputs/original/441_0_32768_30720_33792_31744.tif,5
ocelot,/home/michael/data/ProcessedHistology/Ocelot/inputs/original/082_0_12300_73798_13324_74822.tif,5
ocelot,/home/michael/data/ProcessedHistology/Ocelot/inputs/original/505_0_84016_32787_85040_33811.tif,4
ocelot,/home/michael/data/ProcessedHistology/Ocelot/inputs/original/667_0_38935_129099_39959_130123.tif,4
ocelot,/home/michael/data/ProcessedHistology/Ocelot/inputs/original/428_0_10243_63507_11267_64531.tif,5
ocelot,/home/michael/data/ProcessedHistology/Ocelot/inputs/original/164_0_108679_47163_109703_48187.tif,4
ocelot,/home/michael/data/ProcessedHistology/Ocelot/inputs/original/310_0_22528_40960_23552_41984.tif,5
ocelot,/home/michael/data/ProcessedHistology/Ocelot/inputs/original/126_0_94263_40984_95287_42008.tif,4
ocelot,/home/michael/data/ProcessedHistology/Ocelot/inputs/original/236_0_26649_12300_27673_13324.tif,4
ocelot,/home/michael/data/ProcessedHistology/Ocelot/inputs/original/010_0_28699_28699_29723_29723.tif,5
ocelot,/home/michael/data/ProcessedHistology/Ocelot/inputs/original/647_0_88091_49168_89115_50192.tif,4
ocelot,/home/michael/data/ProcessedHistology/Ocelot/inputs/original/270_0_57416_18455_58440_19479.tif,5
ocelot,/home/michael/data/ProcessedHistology/Ocelot/inputs/original/274_0_108679_112780_109703_113804.tif,4
ocelot,/home/michael/data/ProcessedHistology/Ocelot/inputs/original/022_0_57380_47133_58404_48157.tif,4
ocelot,/home/michael/data/ProcessedHistology/Ocelot/inputs/original/002_0_53248_8192_54272_9216.tif,5
ocelot,/home/michael/data/ProcessedHistology/Ocelot/inputs/original/631_0_90112_24576_91136_25600.tif,5
ocelot,/home/michael/data/ProcessedHistology/Ocelot/inputs/original/023_0_14336_32768_15360_33792.tif,5
ocelot,/home/michael/data/ProcessedHistology/Ocelot/inputs/original/432_0_34826_30729_35850_31753.tif,4
ocelot,/home/michael/data/ProcessedHistology/Ocelot/inputs/original/317_0_43008_32768_44032_33792.tif,5
ocelot,/home/michael/data/ProcessedHistology/Ocelot/inputs/original/450_0_4101_22556_5125_23580.tif,5
ocelot,/home/michael/data/ProcessedHistology/Ocelot/inputs/original/316_0_55296_40960_56320_41984.tif,5
ocelot,/home/michael/data/ProcessedHistology/Ocelot/inputs/original/443_0_24607_55365_25631_56389.tif,5
ocelot,/home/michael/data/ProcessedHistology/Ocelot/inputs/original/100_0_14340_10243_15364_11267.tif,5
ocelot,/home/michael/data/ProcessedHistology/Ocelot/inputs/original/047_0_67626_12296_68650_13320.tif,5
ocelot,/home/michael/data/ProcessedHistology/Ocelot/inputs/original/593_0_26657_53314_27681_54338.tif,5
ocelot,/home/michael/data/ProcessedHistology/Ocelot/inputs/original/663_0_139437_47162_140461_48186.tif,5
ocelot,/home/michael/data/ProcessedHistology/Ocelot/inputs/original/118_0_55330_38936_56354_39960.tif,5
ocelot,/home/michael/data/ProcessedHistology/Ocelot/inputs/original/350_0_149551_55313_150575_56337.tif,5
ocelot,/home/michael/data/ProcessedHistology/Ocelot/inputs/original/487_0_86098_67648_87122_68672.tif,5
ocelot,/home/michael/data/ProcessedHistology/Ocelot/inputs/original/246_0_125084_32809_126108_33833.tif,5
ocelot,/home/michael/data/ProcessedHistology/Ocelot/inputs/original/336_0_30720_65536_31744_66560.tif,4
ocelot,/home/michael/data/ProcessedHistology/Ocelot/inputs/original/361_0_170037_24584_171061_25608.tif,5
ocelot,/home/michael/data/ProcessedHistology/Ocelot/inputs/original/033_0_75776_71680_76800_72704.tif,5
ocelot,/home/michael/data/ProcessedHistology/Ocelot/inputs/original/415_0_65577_75823_66601_76847.tif,4
ocelot,/home/michael/data/ProcessedHistology/Ocelot/inputs/original/366_0_65618_51264_66642_52288.tif,5
ocelot,/home/michael/data/ProcessedHistology/Ocelot/inputs/original/603_0_122997_49199_124021_50223.tif,5
ocelot,/home/michael/data/ProcessedHistology/Ocelot/inputs/original/207_0_34859_41011_35883_42035.tif,0
ocelot,/home/michael/data/ProcessedHistology/Ocelot/inputs/original/308_0_75776_24576_76800_25600.tif,5
ocelot,/home/michael/data/ProcessedHistology/Ocelot/inputs/original/613_0_135337_96376_136361_97400.tif,4
ocelot,/home/michael/data/ProcessedHistology/Ocelot/inputs/original/116_0_145498_18443_146522_19467.tif,5
ocelot,/home/michael/data/ProcessedHistology/Ocelot/inputs/original/103_0_6145_40973_7169_41997.tif,4
ocelot,/home/michael/data/ProcessedHistology/Ocelot/inputs/original/290_0_38961_28708_39985_29732.tif,5
ocelot,/home/michael/data/ProcessedHistology/Ocelot/inputs/original/355_0_153648_43021_154672_44045.tif,5
ocelot,/home/michael/data/ProcessedHistology/Ocelot/inputs/original/492_0_84047_18449_85071_19473.tif,5
ocelot,/home/michael/data/ProcessedHistology/Ocelot/inputs/original/114_0_161892_51232_162916_52256.tif,5
ocelot,/home/michael/data/ProcessedHistology/Ocelot/inputs/original/242_0_94325_90224_95349_91248.tif,5
ocelot,/home/michael/data/ProcessedHistology/Ocelot/inputs/original/227_0_67584_57344_68608_58368.tif,4
ocelot,/home/michael/data/ProcessedHistology/Ocelot/inputs/original/095_0_20486_6145_21510_7169.tif,5
ocelot,/home/michael/data/ProcessedHistology/Ocelot/inputs/original/561_0_14340_26632_15364_27656.tif,5
ocelot,/home/michael/data/ProcessedHistology/Ocelot/inputs/original/044_0_182385_30739_183409_31763.tif,5
ocelot,/home/michael/data/ProcessedHistology/Ocelot/inputs/original/580_0_55348_90198_56372_91222.tif,5
ocelot,/home/michael/data/ProcessedHistology/Ocelot/inputs/original/122_0_221321_67626_222345_68650.tif,5
ocelot,/home/michael/data/ProcessedHistology/Ocelot/inputs/original/545_0_73751_71702_74775_72726.tif,5
ocelot,/home/michael/data/ProcessedHistology/Ocelot/inputs/original/210_0_84016_100409_85040_101433.tif,5
ocelot,/home/michael/data/ProcessedHistology/Ocelot/inputs/original/666_0_61492_24597_62516_25621.tif,0
ocelot,/home/michael/data/ProcessedHistology/Ocelot/inputs/original/021_0_63528_22542_64552_23566.tif,4
ocelot,/home/michael/data/ProcessedHistology/Ocelot/inputs/original/006_0_8200_40998_9224_42022.tif,4
ocelot,/home/michael/data/ProcessedHistology/Ocelot/inputs/original/421_0_96316_84020_97340_85044.tif,5
ocelot,/home/michael/data/ProcessedHistology/Ocelot/inputs/original/595_0_6152_22556_7176_23580.tif,4
ocelot,/home/michael/data/ProcessedHistology/Ocelot/inputs/original/071_0_73798_45099_74822_46123.tif,5
ocelot,/home/michael/data/ProcessedHistology/Ocelot/inputs/original/571_0_194681_24591_195705_25615.tif,5
ocelot,/home/michael/data/ProcessedHistology/Ocelot/inputs/original/158_0_65618_55365_66642_56389.tif,5
ocelot,/home/michael/data/ProcessedHistology/Ocelot/inputs/original/073_0_40999_57399_42023_58423.tif,4
ocelot,/home/michael/data/ProcessedHistology/Ocelot/inputs/original/651_0_86123_67668_87147_68692.tif,4
ocelot,/home/michael/data/ProcessedHistology/Ocelot/inputs/original/266_0_92275_32809_93299_33833.tif,5
ocelot,/home/michael/data/ProcessedHistology/Ocelot/inputs/original/640_0_34836_47131_35860_48155.tif,0
ocelot,/home/michael/data/ProcessedHistology/Ocelot/inputs/original/400_0_22542_53281_23566_54305.tif,4
ocelot,/home/michael/data/ProcessedHistology/Ocelot/inputs/original/451_0_75870_30758_76894_31782.tif,5
ocelot,/home/michael/data/ProcessedHistology/Ocelot/inputs/original/045_0_151646_51232_152670_52256.tif,5
ocelot,/home/michael/data/ProcessedHistology/Ocelot/inputs/original/189_0_112780_30758_113804_31782.tif,0
ocelot,/home/michael/data/ProcessedHistology/Ocelot/inputs/original/335_0_77824_51200_78848_52224.tif,5
ocelot,/home/michael/data/ProcessedHistology/Ocelot/inputs/original/020_0_49152_38912_50176_39936.tif,5
ocelot,/home/michael/data/ProcessedHistology/Ocelot/inputs/original/645_0_75819_69672_76843_70696.tif,4
ocelot,/home/michael/data/ProcessedHistology/Ocelot/inputs/original/553_0_57399_40999_58423_42023.tif,4
ocelot,/home/michael/data/ProcessedHistology/Ocelot/inputs/original/430_0_45070_40973_46094_41997.tif,5
ocelot,/home/michael/data/ProcessedHistology/Ocelot/inputs/original/406_0_30739_73774_31763_74798.tif,5
ocelot,/home/michael/data/ProcessedHistology/Ocelot/inputs/original/050_0_14340_34826_15364_35850.tif,4
ocelot,/home/michael/data/ProcessedHistology/Ocelot/inputs/original/276_0_8202_61517_9226_62541.tif,5
ocelot,/home/michael/data/ProcessedHistology/Ocelot/inputs/original/524_0_159795_57362_160819_58386.tif,5
ocelot,/home/michael/data/ProcessedHistology/Ocelot/inputs/original/056_0_14340_59410_15364_60434.tif,5
ocelot,/home/michael/data/ProcessedHistology/Ocelot/inputs/original/620_0_59448_47148_60472_48172.tif,5
ocelot,/home/michael/data/ProcessedHistology/Ocelot/inputs/original/220_0_24599_12299_25623_13323.tif,4
ocelot,/home/michael/data/ProcessedHistology/Ocelot/inputs/original/169_0_20506_75870_21530_76894.tif,5
ocelot,/home/michael/data/ProcessedHistology/Ocelot/inputs/original/297_0_63548_38948_64572_39972.tif,4
ocelot,/home/michael/data/ProcessedHistology/Ocelot/inputs/original/258_0_166095_49213_167119_50237.tif,5
ocelot,/home/michael/data/ProcessedHistology/Ocelot/inputs/original/579_0_63548_8200_64572_9224.tif,4
ocelot,/home/michael/data/ProcessedHistology/Ocelot/inputs/original/348_0_153648_51216_154672_52240.tif,5
ocelot,/home/michael/data/ProcessedHistology/Ocelot/inputs/original/311_0_18432_47104_19456_48128.tif,5
ocelot,/home/michael/data/ProcessedHistology/Ocelot/inputs/original/237_0_110697_75847_111721_76871.tif,5
ocelot,/home/michael/data/ProcessedHistology/Ocelot/inputs/original/305_0_71680_40960_72704_41984.tif,5
ocelot,/home/michael/data/ProcessedHistology/Ocelot/inputs/original/007_0_22548_20499_23572_21523.tif,5
ocelot,/home/michael/data/ProcessedHistology/Ocelot/inputs/original/578_0_69675_75823_70699_76847.tif,5
ocelot,/home/michael/data/ProcessedHistology/Ocelot/inputs/original/644_0_8197_51229_9221_52253.tif,4
ocelot,/home/michael/data/ProcessedHistology/Ocelot/inputs/original/339_0_26640_40984_27664_42008.tif,5
ocelot,/home/michael/data/ProcessedHistology/Ocelot/inputs/original/098_0_34826_18437_35850_19461.tif,5
ocelot,/home/michael/data/ProcessedHistology/Ocelot/inputs/original/617_0_38961_16404_39985_17428.tif,4
ocelot,/home/michael/data/ProcessedHistology/Ocelot/inputs/original/232_0_86096_96344_87120_97368.tif,5
ocelot,/home/michael/data/ProcessedHistology/Ocelot/inputs/original/373_0_100476_84072_101500_85096.tif,5
ocelot,/home/michael/data/ProcessedHistology/Ocelot/inputs/original/198_0_10253_38960_11277_39984.tif,4
ocelot,/home/michael/data/ProcessedHistology/Ocelot/inputs/original/543_0_32778_75799_33802_76823.tif,4
ocelot,/home/michael/data/ProcessedHistology/Ocelot/inputs/original/357_0_16389_96286_17413_97310.tif,5
ocelot,/home/michael/data/ProcessedHistology/Ocelot/inputs/original/235_0_143496_90198_144520_91222.tif,5
ocelot,/home/michael/data/ProcessedHistology/Ocelot/inputs/original/328_0_59392_16384_60416_17408.tif,5
ocelot,/home/michael/data/ProcessedHistology/Ocelot/inputs/original/474_0_57416_88174_58440_89198.tif,5
ocelot,/home/michael/data/ProcessedHistology/Ocelot/inputs/original/649_0_28681_4097_29705_5121.tif,5
ocelot,/home/michael/data/ProcessedHistology/Ocelot/inputs/original/349_0_135211_47118_136235_48142.tif,5
ocelot,/home/michael/data/ProcessedHistology/Ocelot/inputs/original/638_0_59426_20492_60450_21516.tif,5
ocelot,/home/michael/data/ProcessedHistology/Ocelot/inputs/original/146_0_116881_36910_117905_37934.tif,4
ocelot,/home/michael/data/ProcessedHistology/Ocelot/inputs/original/338_0_28689_30738_29713_31762.tif,5
ocelot,/home/michael/data/ProcessedHistology/Ocelot/inputs/original/557_0_51248_26649_52272_27673.tif,5
ocelot,/home/michael/data/ProcessedHistology/Ocelot/inputs/original/434_0_49168_28681_50192_29705.tif,4
ocelot,/home/michael/data/ProcessedHistology/Ocelot/inputs/original/630_0_73770_22541_74794_23565.tif,0
ocelot,/home/michael/data/ProcessedHistology/Ocelot/inputs/original/127_0_8195_8195_9219_9219.tif,4
ocelot,/home/michael/data/ProcessedHistology/Ocelot/inputs/original/102_0_28681_10243_29705_11267.tif,4
ocelot,/home/michael/data/ProcessedHistology/Ocelot/inputs/original/577_0_112710_38936_113734_39960.tif,4
ocelot,/home/michael/data/ProcessedHistology/Ocelot/inputs/original/145_0_110729_61516_111753_62540.tif,5
ocelot,/home/michael/data/ProcessedHistology/Ocelot/inputs/original/381_0_135211_10243_136235_11267.tif,5
ocelot,/home/michael/data/ProcessedHistology/Ocelot/inputs/original/665_0_26649_22549_27673_23573.tif,5
ocelot,/home/michael/data/ProcessedHistology/Ocelot/inputs/original/538_0_30729_43021_31753_44045.tif,5
ocelot,/home/michael/data/ProcessedHistology/Ocelot/inputs/original/234_0_14349_34848_15373_35872.tif,4
ocelot,/home/michael/data/ProcessedHistology/Ocelot/inputs/original/194_0_12303_36910_13327_37934.tif,4
ocelot,/home/michael/data/ProcessedHistology/Ocelot/inputs/original/049_0_32778_22534_33802_23558.tif,4
ocelot,/home/michael/data/ProcessedHistology/Ocelot/inputs/original/560_0_26632_28681_27656_29705.tif,5
ocelot,/home/michael/data/ProcessedHistology/Ocelot/inputs/original/362_0_170037_16389_171061_17413.tif,5
ocelot,/home/michael/data/ProcessedHistology/Ocelot/inputs/original/445_0_92274_51264_93298_52288.tif,5
ocelot,/home/michael/data/ProcessedHistology/Ocelot/inputs/original/302_0_112640_75776_113664_76800.tif,5
ocelot,/home/michael/data/ProcessedHistology/Ocelot/inputs/original/488_0_86098_18449_87122_19473.tif,5
ocelot,/home/michael/data/ProcessedHistology/Ocelot/inputs/original/289_0_51264_34859_52288_35883.tif,5
ocelot,/home/michael/data/ProcessedHistology/Ocelot/inputs/original/061_0_53265_18437_54289_19461.tif,4
ocelot,/home/michael/data/ProcessedHistology/Ocelot/inputs/original/282_0_49213_41011_50237_42035.tif,5
ocelot,/home/michael/data/ProcessedHistology/Ocelot/inputs/original/467_0_69698_32799_70722_33823.tif,4
ocelot,/home/michael/data/ProcessedHistology/Ocelot/inputs/original/383_0_131113_6145_132137_7169.tif,5
ocelot,/home/michael/data/ProcessedHistology/Ocelot/inputs/original/664_0_26649_28699_27673_29723.tif,5
ocelot,/home/michael/data/ProcessedHistology/Ocelot/inputs/original/380_0_14340_30729_15364_31753.tif,4
ocelot,/home/michael/data/ProcessedHistology/Ocelot/inputs/original/109_0_34838_38936_35862_39960.tif,5
ocelot,/home/michael/data/ProcessedHistology/Ocelot/inputs/original/221_0_6149_14349_7173_15373.tif,4
ocelot,/home/michael/data/ProcessedHistology/Ocelot/inputs/original/399_0_28690_36887_29714_37911.tif,5
ocelot,/home/michael/data/ProcessedHistology/Ocelot/inputs/original/466_0_61498_8200_62522_9224.tif,4
ocelot,/home/michael/data/ProcessedHistology/Ocelot/inputs/original/435_0_51216_8195_52240_9219.tif,4
ocelot,/home/michael/data/ProcessedHistology/Ocelot/inputs/original/573_0_22542_14345_23566_15369.tif,4
ocelot,/home/michael/data/ProcessedHistology/Ocelot/inputs/original/057_0_20486_55313_21510_56337.tif,4
ocelot,/home/michael/data/ProcessedHistology/Ocelot/inputs/original/344_0_211010_10243_212034_11267.tif,5
ocelot,/home/michael/data/ProcessedHistology/Ocelot/inputs/original/041_0_14340_18437_15364_19461.tif,5
ocelot,/home/michael/data/ProcessedHistology/Ocelot/inputs/original/625_0_26649_96347_27673_97371.tif,5
ocelot,/home/michael/data/ProcessedHistology/Ocelot/inputs/original/448_0_10253_22556_11277_23580.tif,5
ocelot,/home/michael/data/ProcessedHistology/Ocelot/inputs/original/268_0_51264_57416_52288_58440.tif,4
ocelot,/home/michael/data/ProcessedHistology/Ocelot/inputs/original/036_0_14340_34826_15364_35850.tif,5
ocelot,/home/michael/data/ProcessedHistology/Ocelot/inputs/original/024_0_32768_28672_33792_29696.tif,5
ocelot,/home/michael/data/ProcessedHistology/Ocelot/inputs/original/552_0_174245_24599_175269_25623.tif,5
ocelot,/home/michael/data/ProcessedHistology/Ocelot/inputs/original/072_0_69698_59448_70722_60472.tif,5
ocelot,/home/michael/data/ProcessedHistology/Ocelot/inputs/original/407_0_65577_36887_66601_37911.tif,4
ocelot,/home/michael/data/ProcessedHistology/Ocelot/inputs/original/085_0_22549_49199_23573_50223.tif,5
ocelot,/home/michael/data/ProcessedHistology/Ocelot/inputs/original/431_0_47118_14340_48142_15364.tif,5
ocelot,/home/michael/data/ProcessedHistology/Ocelot/inputs/original/245_0_75870_28708_76894_29732.tif,5
ocelot,/home/michael/data/ProcessedHistology/Ocelot/inputs/original/206_0_135335_38960_136359_39984.tif,5
ocelot,/home/michael/data/ProcessedHistology/Ocelot/inputs/original/108_0_139350_79922_140374_80946.tif,5
ocelot,/home/michael/data/ProcessedHistology/Ocelot/inputs/original/209_0_45082_84016_46106_85040.tif,5
ocelot,/home/michael/data/ProcessedHistology/Ocelot/inputs/original/506_0_24590_26639_25614_27663.tif,4
ocelot,/home/michael/data/ProcessedHistology/Ocelot/inputs/original/304_0_100352_57344_101376_58368.tif,5
ocelot,/home/michael/data/ProcessedHistology/Ocelot/inputs/original/111_0_143449_34838_144473_35862.tif,4
ocelot,/home/michael/data/ProcessedHistology/Ocelot/inputs/original/142_0_59466_26657_60490_27681.tif,4
ocelot,/home/michael/data/ProcessedHistology/Ocelot/inputs/original/567_0_77872_69675_78896_70699.tif,4
ocelot,/home/michael/data/ProcessedHistology/Ocelot/inputs/original/429_0_49168_40973_50192_41997.tif,5
ocelot,/home/michael/data/ProcessedHistology/Ocelot/inputs/original/153_0_28708_55365_29732_56389.tif,5
ocelot,/home/michael/data/ProcessedHistology/Ocelot/inputs/original/480_0_38961_82022_39985_83046.tif,4
ocelot,/home/michael/data/ProcessedHistology/Ocelot/inputs/original/143_0_86123_28708_87147_29732.tif,4
ocelot,/home/michael/data/ProcessedHistology/Ocelot/inputs/original/248_0_28708_59466_29732_60490.tif,4
ocelot,/home/michael/data/ProcessedHistology/Ocelot/inputs/original/641_0_18442_38934_19466_39958.tif,0
ocelot,/home/michael/data/ProcessedHistology/Ocelot/inputs/original/623_0_94298_96347_95322_97371.tif,5
ocelot,/home/michael/data/ProcessedHistology/Ocelot/inputs/original/539_0_14340_28681_15364_29705.tif,5
ocelot,/home/michael/data/ProcessedHistology/Ocelot/inputs/original/662_0_145588_47162_146612_48186.tif,5
ocelot,/home/michael/data/ProcessedHistology/Ocelot/inputs/original/096_0_8195_16389_9219_17413.tif,5
ocelot,/home/michael/data/ProcessedHistology/Ocelot/inputs/original/470_0_32799_38948_33823_39972.tif,4
ocelot,/home/michael/data/ProcessedHistology/Ocelot/inputs/original/562_0_22534_36876_23558_37900.tif,5
ocelot,/home/michael/data/ProcessedHistology/Ocelot/inputs/original/458_0_51264_24606_52288_25630.tif,4
ocelot,/home/michael/data/ProcessedHistology/Ocelot/inputs/original/409_0_20493_71725_21517_72749.tif,5
ocelot,/home/michael/data/ProcessedHistology/Ocelot/inputs/original/101_0_14340_43021_15364_44045.tif,4
ocelot,/home/michael/data/ProcessedHistology/Ocelot/inputs/original/014_0_16389_6145_17413_7169.tif,4
ocelot,/home/michael/data/ProcessedHistology/Ocelot/inputs/original/418_0_81971_26641_82995_27665.tif,4
ocelot,/home/michael/data/ProcessedHistology/Ocelot/inputs/original/211_0_61475_90164_62499_91188.tif,5
ocelot,/home/michael/data/ProcessedHistology/Ocelot/inputs/original/650_0_167989_10243_169013_11267.tif,5
ocelot,/home/michael/data/ProcessedHistology/Ocelot/inputs/original/565_0_90168_24591_91192_25615.tif,4
ocelot,/home/michael/data/ProcessedHistology/Ocelot/inputs/original/438_0_34816_38912_35840_39936.tif,5
ocelot,/home/michael/data/ProcessedHistology/Ocelot/inputs/original/484_0_88147_40999_89171_42023.tif,5
ocelot,/home/michael/data/ProcessedHistology/Ocelot/inputs/original/161_0_6152_30758_7176_31782.tif,5
ocelot,/home/michael/data/ProcessedHistology/Ocelot/inputs/original/182_0_49183_43035_50207_44059.tif,5
ocelot,/home/michael/data/ProcessedHistology/Ocelot/inputs/original/549_0_63507_12292_64531_13316.tif,5
ocelot,/home/michael/data/ProcessedHistology/Ocelot/inputs/original/080_0_73798_22549_74822_23573.tif,4
ocelot,/home/michael/data/ProcessedHistology/Ocelot/inputs/original/583_0_36910_84072_37934_85096.tif,4
ocelot,/home/michael/data/ProcessedHistology/Ocelot/inputs/original/550_0_92188_12292_93212_13316.tif,5
ocelot,/home/michael/data/ProcessedHistology/Ocelot/inputs/original/574_0_32788_10246_33812_11270.tif,4
ocelot,/home/michael/data/ProcessedHistology/Ocelot/inputs/original/238_0_143496_96347_144520_97371.tif,5
ocelot,/home/michael/data/ProcessedHistology/Ocelot/inputs/original/075_0_129146_86098_130170_87122.tif,5
ocelot,/home/michael/data/ProcessedHistology/Ocelot/inputs/original/128_0_22534_20486_23558_21510.tif,4
ocelot,/home/michael/data/ProcessedHistology/Ocelot/inputs/original/205_0_75870_24606_76894_25630.tif,4
ocelot,/home/michael/data/ProcessedHistology/Ocelot/inputs/original/089_0_34838_22542_35862_23566.tif,4
ocelot,/home/michael/data/ProcessedHistology/Ocelot/inputs/original/141_0_43061_53314_44085_54338.tif,4
ocelot,/home/michael/data/ProcessedHistology/Ocelot/inputs/original/633_0_53248_32768_54272_33792.tif,5
ocelot,/home/michael/data/ProcessedHistology/Ocelot/inputs/original/213_0_55328_71721_56352_72745.tif,5
ocelot,/home/michael/data/ProcessedHistology/Ocelot/inputs/original/530_0_26632_38924_27656_39948.tif,4
ocelot,/home/michael/data/ProcessedHistology/Ocelot/inputs/original/005_0_84045_38947_85069_39971.tif,5
ocelot,/home/michael/data/ProcessedHistology/Ocelot/inputs/original/532_0_165940_28681_166964_29705.tif,5
ocelot,/home/michael/data/ProcessedHistology/Ocelot/inputs/original/581_0_36910_49213_37934_50237.tif,5
ocelot,/home/michael/data/ProcessedHistology/Ocelot/inputs/original/226_0_61440_51200_62464_52224.tif,4
ocelot,/home/michael/data/ProcessedHistology/Ocelot/inputs/original/331_0_120832_14336_121856_15360.tif,5
ocelot,/home/michael/data/ProcessedHistology/Ocelot/inputs/original/011_0_34848_28699_35872_29723.tif,5
ocelot,/home/michael/data/ProcessedHistology/Ocelot/inputs/original/119_0_192632_45084_193656_46108.tif,5
ocelot,/home/michael/data/ProcessedHistology/Ocelot/inputs/original/594_0_114830_22556_115854_23580.tif,4
ocelot,/home/michael/data/ProcessedHistology/Ocelot/inputs/original/619_0_65618_12303_66642_13327.tif,4
ocelot,/home/michael/data/ProcessedHistology/Ocelot/inputs/original/281_0_88174_79972_89198_80996.tif,5
ocelot,/home/michael/data/ProcessedHistology/Ocelot/inputs/original/646_0_88091_43021_89115_44045.tif,4
ocelot,/home/michael/data/ProcessedHistology/Ocelot/inputs/original/621_0_84047_47148_85071_48172.tif,5
ocelot,/home/michael/data/ProcessedHistology/Ocelot/inputs/original/463_0_90198_104547_91222_105571.tif,5
ocelot,/home/michael/data/ProcessedHistology/Ocelot/inputs/original/009_0_16399_36898_17423_37922.tif,5
ocelot,/home/michael/data/ProcessedHistology/Ocelot/inputs/original/442_0_143539_30758_144563_31782.tif,5
ocelot,/home/michael/data/ProcessedHistology/Ocelot/inputs/original/184_0_59429_59429_60453_60453.tif,5
ocelot,/home/michael/data/ProcessedHistology/Ocelot/inputs/original/012_0_12299_40998_13323_42022.tif,5
ocelot,/home/michael/data/ProcessedHistology/Ocelot/inputs/original/225_0_53248_55296_54272_56320.tif,4
ocelot,/home/michael/data/ProcessedHistology/Ocelot/inputs/original/068_0_40986_32788_42010_33812.tif,4
ocelot,/home/michael/data/ProcessedHistology/Ocelot/inputs/original/410_0_49183_79922_50207_80946.tif,5
ocelot,/home/michael/data/ProcessedHistology/Ocelot/inputs/original/478_0_73820_65618_74844_66642.tif,5
ocelot,/home/michael/data/ProcessedHistology/Ocelot/inputs/original/384_0_20486_14340_21510_15364.tif,5
ocelot,/home/michael/data/ProcessedHistology/Ocelot/inputs/original/417_0_69675_40985_70699_42009.tif,4
ocelot,/home/michael/data/ProcessedHistology/Ocelot/inputs/original/358_0_38924_92189_39948_93213.tif,5
ocelot,/home/michael/data/ProcessedHistology/Ocelot/inputs/original/203_0_2051_26657_3075_27681.tif,5
ocelot,/home/michael/data/ProcessedHistology/Ocelot/inputs/original/643_0_67622_14344_68646_15368.tif,0
ocelot,/home/michael/data/ProcessedHistology/Ocelot/inputs/original/301_0_24576_79872_25600_80896.tif,5
ocelot,/home/michael/data/ProcessedHistology/Ocelot/inputs/original/110_0_135252_57380_136276_58404.tif,4
ocelot,/home/michael/data/ProcessedHistology/Ocelot/inputs/original/575_0_12296_57380_13320_58404.tif,5
ocelot,/home/michael/data/ProcessedHistology/Ocelot/inputs/original/099_0_28681_24584_29705_25608.tif,5
ocelot,/home/michael/data/ProcessedHistology/Ocelot/inputs/original/273_0_82022_82022_83046_83046.tif,5
ocelot,/home/michael/data/ProcessedHistology/Ocelot/inputs/original/515_0_73770_45082_74794_46106.tif,4
ocelot,/home/michael/data/ProcessedHistology/Ocelot/inputs/original/390_0_61492_38945_62516_39969.tif,0
ocelot,/home/michael/data/ProcessedHistology/Ocelot/inputs/original/309_0_75776_45056_76800_46080.tif,5
ocelot,/home/michael/data/ProcessedHistology/Ocelot/inputs/original/439_0_61440_18432_62464_19456.tif,5
ocelot,/home/michael/data/ProcessedHistology/Ocelot/inputs/original/034_0_88064_40960_89088_41984.tif,5
ocelot,/home/michael/data/ProcessedHistology/Ocelot/inputs/original/364_0_28708_14354_29732_15378.tif,4
ocelot,/home/michael/data/ProcessedHistology/Ocelot/inputs/original/516_0_38934_10246_39958_11270.tif,0
ocelot,/home/michael/data/ProcessedHistology/Ocelot/inputs/original/387_0_79940_67641_80964_68665.tif,5
ocelot,/home/michael/data/ProcessedHistology/Ocelot/inputs/original/078_0_24599_22549_25623_23573.tif,4
ocelot,/home/michael/data/ProcessedHistology/Ocelot/inputs/original/239_0_161994_43062_163018_44086.tif,5
ocelot,/home/michael/data/ProcessedHistology/Ocelot/inputs/original/371_0_45112_57415_46136_58439.tif,5
ocelot,/home/michael/data/ProcessedHistology/Ocelot/inputs/original/388_0_65592_32796_66616_33820.tif,5
ocelot,/home/michael/data/ProcessedHistology/Ocelot/inputs/original/151_0_90224_73819_91248_74843.tif,4
ocelot,/home/michael/data/ProcessedHistology/Ocelot/inputs/original/025_0_47104_43008_48128_44032.tif,5
ocelot,/home/michael/data/ProcessedHistology/Ocelot/inputs/original/504_0_51229_40983_52253_42007.tif,4
ocelot,/home/michael/data/ProcessedHistology/Ocelot/inputs/original/629_0_145546_40999_146570_42023.tif,5
ocelot,/home/michael/data/ProcessedHistology/Ocelot/inputs/original/195_0_10253_61516_11277_62540.tif,4
ocelot,/home/michael/data/ProcessedHistology/Ocelot/inputs/original/065_0_45070_49167_46094_50191.tif,4
ocelot,/home/michael/data/ProcessedHistology/Ocelot/inputs/original/420_0_110661_84020_111685_85044.tif,5
ocelot,/home/michael/data/ProcessedHistology/Ocelot/inputs/original/391_0_20497_18447_21521_19471.tif,0
ocelot,/home/michael/data/ProcessedHistology/Ocelot/inputs/original/607_0_104544_12299_105568_13323.tif,5
ocelot,/home/michael/data/ProcessedHistology/Ocelot/inputs/original/591_0_10253_57415_11277_58439.tif,0
ocelot,/home/michael/data/ProcessedHistology/Ocelot/inputs/original/446_0_18455_53314_19479_54338.tif,5
ocelot,/home/michael/data/ProcessedHistology/Ocelot/inputs/original/067_0_22542_26641_23566_27665.tif,4
ocelot,/home/michael/data/ProcessedHistology/Ocelot/inputs/original/157_0_36910_67668_37934_68692.tif,5
ocelot,/home/michael/data/ProcessedHistology/Ocelot/inputs/original/389_0_28696_45094_29720_46118.tif,0
ocelot,/home/michael/data/ProcessedHistology/Ocelot/inputs/original/030_0_45056_51200_46080_52224.tif,5
ocelot,/home/michael/data/ProcessedHistology/Ocelot/inputs/original/124_0_51230_28689_52254_29713.tif,4
ocelot,/home/michael/data/ProcessedHistology/Ocelot/inputs/original/605_0_135168_38912_136192_39936.tif,5
ocelot,/home/michael/data/ProcessedHistology/Ocelot/inputs/original/382_0_100383_8195_101407_9219.tif,5
ocelot,/home/michael/data/ProcessedHistology/Ocelot/inputs/original/208_0_137386_6152_138410_7176.tif,5
ocelot,/home/michael/data/ProcessedHistology/Ocelot/inputs/original/162_0_53314_20506_54338_21530.tif,5
ocelot,/home/michael/data/ProcessedHistology/Ocelot/inputs/original/632_0_57344_43008_58368_44032.tif,5
ocelot,/home/michael/data/ProcessedHistology/Ocelot/inputs/original/405_0_122956_43035_123980_44059.tif,4
ocelot,/home/michael/data/ProcessedHistology/Ocelot/inputs/original/271_0_102528_36910_103552_37934.tif,4
ocelot,/home/michael/data/ProcessedHistology/Ocelot/inputs/original/368_0_69719_18455_70743_19479.tif,5
ocelot,/home/michael/data/ProcessedHistology/Ocelot/inputs/original/054_0_69654_32778_70678_33802.tif,5
ocelot,/home/michael/data/ProcessedHistology/Ocelot/inputs/original/624_0_32799_73798_33823_74822.tif,5
ocelot,/home/michael/data/ProcessedHistology/Ocelot/inputs/original/395_0_49181_153690_50205_154714.tif,4
ocelot,/home/michael/data/ProcessedHistology/Ocelot/inputs/original/148_0_141487_38960_142511_39984.tif,4
ocelot,/home/michael/data/ProcessedHistology/Ocelot/inputs/original/626_0_151696_63548_152720_64572.tif,5
ocelot,/home/michael/data/ProcessedHistology/Ocelot/inputs/original/523_0_75799_63507_76823_64531.tif,5
ocelot,/home/michael/data/ProcessedHistology/Ocelot/inputs/original/154_0_12303_41011_13327_42035.tif,4
ocelot,/home/michael/data/ProcessedHistology/Ocelot/inputs/original/306_0_30720_63488_31744_64512.tif,5
ocelot,/home/michael/data/ProcessedHistology/Ocelot/inputs/original/529_0_30729_30729_31753_31753.tif,4
ocelot,/home/michael/data/ProcessedHistology/Ocelot/inputs/original/313_0_61440_63488_62464_64512.tif,5
ocelot,/home/michael/data/ProcessedHistology/Ocelot/inputs/original/433_0_40973_10243_41997_11267.tif,4
ocelot,/home/michael/data/ProcessedHistology/Ocelot/inputs/original/590_0_100477_84072_101501_85096.tif,0
ocelot,/home/michael/data/ProcessedHistology/Ocelot/inputs/original/185_0_57380_49183_58404_50207.tif,5
ocelot,/home/michael/data/ProcessedHistology/Ocelot/inputs/original/652_0_69718_77920_70742_78944.tif,5
ocelot,/home/michael/data/ProcessedHistology/Ocelot/inputs/original/465_0_40999_79947_42023_80971.tif,4
ocelot,/home/michael/data/ProcessedHistology/Ocelot/inputs/original/329_0_69632_20480_70656_21504.tif,5
ocelot,/home/michael/data/ProcessedHistology/Ocelot/inputs/original/264_0_38961_69719_39985_70743.tif,4
ocelot,/home/michael/data/ProcessedHistology/Ocelot/inputs/original/483_0_59448_55348_60472_56372.tif,5
ocelot,/home/michael/data/ProcessedHistology/Ocelot/inputs/original/602_0_125046_53299_126070_54323.tif,5
ocelot,/home/michael/data/ProcessedHistology/Ocelot/inputs/original/200_0_18432_28672_19456_29696.tif,5
ocelot,/home/michael/data/ProcessedHistology/Ocelot/inputs/original/180_0_67669_24607_68693_25631.tif,5
ocelot,/home/michael/data/ProcessedHistology/Ocelot/inputs/original/611_0_98398_71748_99422_72772.tif,4
ocelot,/home/michael/data/ProcessedHistology/Ocelot/inputs/original/106_0_165991_75823_167015_76847.tif,5
ocelot,/home/michael/data/ProcessedHistology/Ocelot/inputs/original/076_0_96347_61498_97371_62522.tif,5
ocelot,/home/michael/data/ProcessedHistology/Ocelot/inputs/original/123_0_43033_45082_44057_46106.tif,4
ocelot,/home/michael/data/ProcessedHistology/Ocelot/inputs/original/202_0_135168_24576_136192_25600.tif,5
ocelot,/home/michael/data/ProcessedHistology/Ocelot/inputs/original/333_0_61440_10240_62464_11264.tif,4
ocelot,/home/michael/data/ProcessedHistology/Ocelot/inputs/original/531_0_8195_16389_9219_17413.tif,4
ocelot,/home/michael/data/ProcessedHistology/Ocelot/inputs/original/639_0_28688_36885_29712_37909.tif,5
ocelot,/home/michael/data/ProcessedHistology/Ocelot/inputs/original/337_0_69632_49152_70656_50176.tif,5
ocelot,/home/michael/data/ProcessedHistology/Ocelot/inputs/original/319_0_14336_77824_15360_78848.tif,5
ocelot,/home/michael/data/ProcessedHistology/Ocelot/inputs/original/060_0_16389_55313_17413_56337.tif,5
ocelot,/home/michael/data/ProcessedHistology/Ocelot/inputs/original/031_0_49152_47104_50176_48128.tif,5
ocelot,/home/michael/data/ProcessedHistology/Ocelot/inputs/original/285_0_14354_16404_15378_17428.tif,0
ocelot,/home/michael/data/ProcessedHistology/Ocelot/inputs/original/440_0_22528_38912_23552_39936.tif,5
ocelot,/home/michael/data/ProcessedHistology/Ocelot/inputs/original/508_0_51229_59426_52253_60450.tif,4
ocelot,/home/michael/data/ProcessedHistology/Ocelot/inputs/original/040_0_71769_57415_72793_58439.tif,4
ocelot,/home/michael/data/ProcessedHistology/Ocelot/inputs/original/125_0_16394_49181_17418_50205.tif,4
ocelot,/home/michael/data/ProcessedHistology/Ocelot/inputs/original/087_0_40999_32799_42023_33823.tif,4
ocelot,/home/michael/data/ProcessedHistology/Ocelot/inputs/original/028_0_30720_40960_31744_41984.tif,5
ocelot,/home/michael/data/ProcessedHistology/Ocelot/inputs/original/452_0_18455_16404_19479_17428.tif,5
ocelot,/home/michael/data/ProcessedHistology/Ocelot/inputs/original/533_0_143405_12292_144429_13316.tif,4
ocelot,/home/michael/data/ProcessedHistology/Ocelot/inputs/original/588_0_63567_69718_64591_70742.tif,5
ocelot,/home/michael/data/ProcessedHistology/Ocelot/inputs/original/115_0_26641_65577_27665_66601.tif,4
ocelot,/home/michael/data/ProcessedHistology/Ocelot/inputs/original/569_0_161892_18443_162916_19467.tif,5
ocelot,/home/michael/data/ProcessedHistology/Ocelot/inputs/original/563_0_75823_43035_76847_44059.tif,4
ocelot,/home/michael/data/ProcessedHistology/Ocelot/inputs/original/597_0_34848_63548_35872_64572.tif,5
ocelot,/home/michael/data/ProcessedHistology/Ocelot/inputs/original/160_0_51264_47163_52288_48187.tif,5
ocelot,/home/michael/data/ProcessedHistology/Ocelot/inputs/original/117_0_32788_69675_33812_70699.tif,5
ocelot,/home/michael/data/ProcessedHistology/Ocelot/inputs/original/648_0_161843_26632_162867_27656.tif,5
ocelot,/home/michael/data/ProcessedHistology/Ocelot/inputs/original/299_0_94208_45056_95232_46080.tif,5
ocelot,/home/michael/data/ProcessedHistology/Ocelot/inputs/original/183_0_18444_63528_19468_64552.tif,5
ocelot,/home/michael/data/ProcessedHistology/Ocelot/inputs/original/437_0_38912_34816_39936_35840.tif,5
ocelot,/home/michael/data/ProcessedHistology/Ocelot/inputs/original/540_0_55313_92188_56337_93212.tif,5
ocelot,/home/michael/data/ProcessedHistology/Ocelot/inputs/original/419_0_65577_90168_66601_91192.tif,5
ocelot,/home/michael/data/ProcessedHistology/Ocelot/inputs/original/612_0_81998_38948_83022_39972.tif,4
ocelot,/home/michael/data/ProcessedHistology/Ocelot/inputs/original/564_0_18443_18443_19467_19467.tif,5
ocelot,/home/michael/data/ProcessedHistology/Ocelot/inputs/original/046_0_217223_47133_218247_48157.tif,5
ocelot,/home/michael/data/ProcessedHistology/Ocelot/inputs/original/614_0_6152_24607_7176_25631.tif,5
ocelot,/home/michael/data/ProcessedHistology/Ocelot/inputs/original/521_0_161843_24584_162867_25608.tif,5
ocelot,/home/michael/data/ProcessedHistology/Ocelot/inputs/original/112_0_131153_28690_132177_29714.tif,5
ocelot,/home/michael/data/ProcessedHistology/Ocelot/inputs/original/340_0_172086_71702_173110_72726.tif,5
ocelot,/home/michael/data/ProcessedHistology/Ocelot/inputs/original/449_0_86123_22556_87147_23580.tif,5
ocelot,/home/michael/data/ProcessedHistology/Ocelot/inputs/original/097_0_40973_22534_41997_23558.tif,5
ocelot,/home/michael/data/ProcessedHistology/Ocelot/inputs/original/535_0_194621_12292_195645_13316.tif,4
ocelot,/home/michael/data/ProcessedHistology/Ocelot/inputs/original/637_0_34816_55296_35840_56320.tif,5
ocelot,/home/michael/data/ProcessedHistology/Ocelot/inputs/original/592_0_34859_82022_35883_83046.tif,5
ocelot,/home/michael/data/ProcessedHistology/Ocelot/inputs/original/394_0_51230_106558_52254_107582.tif,4
ocelot,/home/michael/data/ProcessedHistology/Ocelot/inputs/original/544_0_40973_28681_41997_29705.tif,5
ocelot,/home/michael/data/ProcessedHistology/Ocelot/inputs/original/513_0_92212_40983_93236_42007.tif,0
ocelot,/home/michael/data/ProcessedHistology/Ocelot/inputs/original/403_0_141400_36887_142424_37911.tif,5
ocelot,/home/michael/data/ProcessedHistology/Ocelot/inputs/original/475_0_34859_38961_35883_39985.tif,5
ocelot,/home/michael/data/ProcessedHistology/Ocelot/inputs/original/069_0_36887_36887_37911_37911.tif,4
ocelot,/home/michael/data/ProcessedHistology/Ocelot/inputs/original/416_0_75823_71725_76847_72749.tif,4
ocelot,/home/michael/data/ProcessedHistology/Ocelot/inputs/original/296_0_26632_18437_27656_19461.tif,5
ocelot,/home/michael/data/ProcessedHistology/Ocelot/inputs/original/576_0_12296_81971_13320_82995.tif,5
ocelot,/home/michael/data/ProcessedHistology/Ocelot/inputs/original/596_0_14354_26657_15378_27681.tif,5
ocelot,/home/michael/data/ProcessedHistology/Ocelot/inputs/original/278_0_18455_36910_19479_37934.tif,4
ocelot,/home/michael/data/ProcessedHistology/Ocelot/inputs/original/262_0_32809_100477_33833_101501.tif,4
ocelot,/home/michael/data/ProcessedHistology/Ocelot/inputs/original/193_0_8202_43061_9226_44085.tif,4
ocelot,/home/michael/data/ProcessedHistology/Ocelot/inputs/original/224_0_16399_16399_17423_17423.tif,4
ocelot,/home/michael/data/ProcessedHistology/Ocelot/inputs/original/055_0_151600_24584_152624_25608.tif,4
ocelot,/home/michael/data/ProcessedHistology/Ocelot/inputs/original/027_0_24576_26624_25600_27648.tif,4
ocelot,/home/michael/data/ProcessedHistology/Ocelot/inputs/original/318_0_53248_63488_54272_64512.tif,5
ocelot,/home/michael/data/ProcessedHistology/Ocelot/inputs/original/618_0_67668_10253_68692_11277.tif,5
ocelot,/home/michael/data/ProcessedHistology/Ocelot/inputs/original/436_0_32778_14340_33802_15364.tif,4
ocelot,/home/michael/data/ProcessedHistology/Ocelot/inputs/original/229_0_84045_61497_85069_62521.tif,5
ocelot,/home/michael/data/ProcessedHistology/Ocelot/inputs/original/107_0_75823_20493_76847_21517.tif,5
ocelot,/home/michael/data/ProcessedHistology/Ocelot/inputs/original/411_0_61478_14345_62502_15369.tif,4
ocelot,/home/michael/data/ProcessedHistology/Ocelot/inputs/original/657_0_164253_22585_165277_23609.tif,4
ocelot,/home/michael/data/ProcessedHistology/Ocelot/inputs/original/401_0_45084_55330_46108_56354.tif,5
ocelot,/home/michael/data/ProcessedHistology/Ocelot/inputs/original/004_0_75846_57397_76870_58421.tif,5
ocelot,/home/michael/data/ProcessedHistology/Ocelot/inputs/original/187_0_123032_73819_124056_74843.tif,0
ocelot,/home/michael/data/ProcessedHistology/Ocelot/inputs/original/551_0_32778_67605_33802_68629.tif,5
ocelot,/home/michael/data/ProcessedHistology/Ocelot/inputs/original/462_0_112747_100447_113771_101471.tif,5
ocelot,/home/michael/data/ProcessedHistology/Ocelot/inputs/original/330_0_12288_10240_13312_11264.tif,5
ocelot,/home/michael/data/ProcessedHistology/Ocelot/inputs/original/457_0_127134_41011_128158_42035.tif,5
ocelot,/home/michael/data/ProcessedHistology/Ocelot/inputs/original/408_0_75823_47133_76847_48157.tif,4
ocelot,/home/michael/data/ProcessedHistology/Ocelot/inputs/original/514_0_77868_47131_78892_48155.tif,5
ocelot,/home/michael/data/ProcessedHistology/Ocelot/inputs/original/288_0_34859_30758_35883_31782.tif,5
ocelot,/home/michael/data/ProcessedHistology/Ocelot/inputs/original/003_0_41000_41000_42024_42024.tif,5
ocelot,/home/michael/data/ProcessedHistology/Ocelot/inputs/original/015_0_8192_6144_9216_7168.tif,5
ocelot,/home/michael/data/ProcessedHistology/Ocelot/inputs/original/628_0_159896_77898_160920_78922.tif,5
ocelot,/home/michael/data/ProcessedHistology/Ocelot/inputs/original/001_0_88064_38912_89088_39936.tif,4
ocelot,/home/michael/data/ProcessedHistology/Ocelot/inputs/original/365_0_57415_14354_58439_15378.tif,5
ocelot,/home/michael/data/ProcessedHistology/Ocelot/inputs/original/379_0_26632_18437_27656_19461.tif,5
ocelot,/home/michael/data/ProcessedHistology/Ocelot/inputs/original/170_0_61517_75870_62541_76894.tif,4
ocelot,/home/michael/data/ProcessedHistology/Ocelot/inputs/original/471_0_102528_53314_103552_54338.tif,5
ocelot,/home/michael/data/ProcessedHistology/Ocelot/inputs/original/066_0_69675_45084_70699_46108.tif,4
ocelot,/home/michael/data/ProcessedHistology/Ocelot/inputs/original/166_0_92275_53314_93299_54338.tif,4
ocelot,/home/michael/data/ProcessedHistology/Ocelot/inputs/original/018_0_26624_36864_27648_37888.tif,5
ocelot,/home/michael/data/ProcessedHistology/Ocelot/inputs/original/192_0_135335_8202_136359_9226.tif,4
ocelot,/home/michael/data/ProcessedHistology/Ocelot/inputs/original/265_0_49213_28708_50237_29732.tif,4
ocelot,/home/michael/data/ProcessedHistology/Ocelot/inputs/original/013_0_20486_4097_21510_5121.tif,5
ocelot,/home/michael/data/ProcessedHistology/Ocelot/inputs/original/375_0_167989_57362_169013_58386.tif,5
ocelot,/home/michael/data/ProcessedHistology/Ocelot/inputs/original/277_0_32809_14354_33833_15378.tif,5
ocelot,/home/michael/data/ProcessedHistology/Ocelot/inputs/original/104_0_26632_45070_27656_46094.tif,4
ocelot,/home/michael/data/ProcessedHistology/Ocelot/inputs/original/447_0_45112_30758_46136_31782.tif,5
ocelot,/home/michael/data/ProcessedHistology/Ocelot/inputs/original/137_0_90224_30758_91248_31782.tif,4
ocelot,/home/michael/data/ProcessedHistology/Ocelot/inputs/original/121_0_215174_47133_216198_48157.tif,5
ocelot,/home/michael/data/ProcessedHistology/Ocelot/inputs/original/367_0_22556_24607_23580_25631.tif,5
ocelot,/home/michael/data/ProcessedHistology/Ocelot/inputs/original/037_0_2048_43021_3072_44045.tif,5
ocelot,/home/michael/data/ProcessedHistology/Ocelot/inputs/original/260_0_65618_67668_66642_68692.tif,5
ocelot,/home/michael/data/ProcessedHistology/Ocelot/inputs/original/511_0_75819_71721_76843_72745.tif,0
ocelot,/home/michael/data/ProcessedHistology/Ocelot/inputs/original/029_0_20480_16384_21504_17408.tif,5
ocelot,/home/michael/data/ProcessedHistology/Ocelot/inputs/original/655_0_71769_32809_72793_33833.tif,5
ocelot,/home/michael/data/ProcessedHistology/Ocelot/inputs/original/284_0_59466_14354_60490_15378.tif,5
ocelot,/home/michael/data/ProcessedHistology/Ocelot/inputs/original/627_0_32799_61498_33823_62522.tif,5
ocelot,/home/michael/data/ProcessedHistology/Ocelot/inputs/original/303_0_24576_40960_25600_41984.tif,5
ocelot,/home/michael/data/ProcessedHistology/Ocelot/inputs/original/048_0_14340_24584_15364_25608.tif,4
ocelot,/home/michael/data/ProcessedHistology/Ocelot/inputs/original/404_0_151646_36887_152670_37911.tif,4
ocelot,/home/michael/data/ProcessedHistology/Ocelot/inputs/original/120_0_221321_57380_222345_58404.tif,5
ocelot,/home/michael/data/ProcessedHistology/Ocelot/inputs/original/178_0_61497_65597_62521_66621.tif,4
ocelot,/home/michael/data/ProcessedHistology/Ocelot/inputs/original/537_0_86043_12292_87067_13316.tif,4
ocelot,/home/michael/data/ProcessedHistology/Ocelot/inputs/original/312_0_81920_49152_82944_50176.tif,5
ocelot,/home/michael/data/ProcessedHistology/Ocelot/inputs/original/064_0_36876_24584_37900_25608.tif,5
ocelot,/home/michael/data/ProcessedHistology/Ocelot/inputs/original/039_0_49168_75799_50192_76823.tif,5
ocelot,/home/michael/data/ProcessedHistology/Ocelot/inputs/original/250_0_84073_63567_85097_64591.tif,4
ocelot,/home/michael/data/ProcessedHistology/Ocelot/inputs/original/086_0_98398_34848_99422_35872.tif,4
ocelot,/home/michael/data/ProcessedHistology/Ocelot/inputs/original/476_0_75870_49213_76894_50237.tif,5
ocelot,/home/michael/data/ProcessedHistology/Ocelot/inputs/original/566_0_49183_45084_50207_46108.tif,4
ocelot,/home/michael/data/ProcessedHistology/Ocelot/inputs/original/372_0_59466_55365_60490_56389.tif,5
ocelot,/home/michael/data/ProcessedHistology/Ocelot/inputs/original/527_0_22534_53265_23558_54289.tif,4
ocelot,/home/michael/data/ProcessedHistology/Ocelot/inputs/original/495_0_100447_26649_101471_27673.tif,5
ocelot,/home/michael/data/ProcessedHistology/Ocelot/inputs/original/215_0_45082_61475_46106_62499.tif,4
ocelot,/home/michael/data/ProcessedHistology/Ocelot/inputs/original/059_0_49167_65557_50191_66581.tif,4
ocelot,/home/michael/data/ProcessedHistology/Ocelot/inputs/original/402_0_153695_18443_154719_19467.tif,4
ocelot,/home/michael/data/ProcessedHistology/Ocelot/inputs/original/363_0_79971_22556_80995_23580.tif,4
ocelot,/home/michael/data/ProcessedHistology/Ocelot/inputs/original/658_0_10243_12292_11267_13316.tif,5
ocelot,/home/michael/data/ProcessedHistology/Ocelot/inputs/original/598_0_75847_65598_76871_66622.tif,5
ocelot,/home/michael/data/ProcessedHistology/Ocelot/inputs/original/486_0_86098_86098_87122_87122.tif,5
ocelot,/home/michael/data/ProcessedHistology/Ocelot/inputs/original/512_0_51229_88114_52253_89138.tif,5
ocelot,/home/michael/data/ProcessedHistology/Ocelot/inputs/original/216_0_24606_69718_25630_70742.tif,4
ocelot,/home/michael/data/ProcessedHistology/Ocelot/inputs/original/212_0_53278_28688_54302_29712.tif,5
ocelot,/home/michael/data/ProcessedHistology/Ocelot/inputs/original/497_0_81998_59448_83022_60472.tif,5
ocelot,/home/michael/data/ProcessedHistology/Ocelot/inputs/original/150_0_67668_49213_68692_50237.tif,4
ocelot,/home/michael/data/ProcessedHistology/Ocelot/inputs/original/293_0_34837_8197_35861_9221.tif,5
ocelot,/home/michael/data/ProcessedHistology/Ocelot/inputs/original/604_0_114688_32768_115712_33792.tif,4
ocelot,/home/michael/data/ProcessedHistology/Ocelot/inputs/original/636_0_67584_53248_68608_54272.tif,5
ocelot,/home/michael/data/ProcessedHistology/Ocelot/inputs/original/171_0_112780_84073_113804_85097.tif,4
ocelot,/home/michael/data/ProcessedHistology/Ocelot/inputs/original/291_0_30720_90112_31744_91136.tif,5
ocelot,/home/michael/data/ProcessedHistology/Ocelot/inputs/original/259_0_141488_51264_142512_52288.tif,4
ocelot,/home/michael/data/ProcessedHistology/Ocelot/inputs/original/584_0_65617_73819_66641_74843.tif,4
ocelot,/home/michael/data/ProcessedHistology/Ocelot/inputs/original/599_0_88145_57397_89169_58421.tif,4
ocelot,/home/michael/data/ProcessedHistology/Ocelot/inputs/original/370_0_77920_20505_78944_21529.tif,5
ocelot,/home/michael/data/ProcessedHistology/Ocelot/inputs/original/485_0_125046_59448_126070_60472.tif,4
ocelot,/home/michael/data/ProcessedHistology/Ocelot/inputs/original/661_0_94325_34859_95349_35883.tif,5
ocelot,/home/michael/data/ProcessedHistology/Ocelot/inputs/original/159_0_98427_69719_99451_70743.tif,4
ocelot,/home/michael/data/ProcessedHistology/Ocelot/inputs/original/541_0_116772_22534_117796_23558.tif,5
ocelot,/home/michael/data/ProcessedHistology/Ocelot/inputs/original/654_0_88174_24607_89198_25631.tif,5
ocelot,/home/michael/data/ProcessedHistology/Ocelot/inputs/original/347_0_28681_26632_29705_27656.tif,5
ocelot,/home/michael/data/ProcessedHistology/Ocelot/inputs/original/243_0_57416_43062_58440_44086.tif,5
ocelot,/home/michael/data/ProcessedHistology/Ocelot/inputs/original/094_0_20486_47118_21510_48142.tif,5
ocelot,/home/michael/data/ProcessedHistology/Ocelot/inputs/original/342_0_135211_32778_136235_33802.tif,4
ocelot,/home/michael/data/ProcessedHistology/Ocelot/inputs/original/572_0_149597_26641_150621_27665.tif,5
ocelot,/home/michael/data/ProcessedHistology/Ocelot/inputs/original/231_0_61497_28699_62521_29723.tif,4
ocelot,/home/michael/data/ProcessedHistology/Ocelot/inputs/original/218_0_137386_67668_138410_68692.tif,4
ocelot,/home/michael/data/ProcessedHistology/Ocelot/inputs/original/165_0_155842_49213_156866_50237.tif,5
ocelot,/home/michael/data/ProcessedHistology/Ocelot/inputs/original/257_0_157893_41011_158917_42035.tif,4
ocelot,/home/michael/data/ProcessedHistology/Ocelot/inputs/original/283_0_51264_22556_52288_23580.tif,5
ocelot,/home/michael/data/ProcessedHistology/Ocelot/inputs/original/386_0_157745_20486_158769_21510.tif,4
ocelot,/home/michael/data/ProcessedHistology/Ocelot/inputs/original/199_0_116881_12303_117905_13327.tif,4
ocelot,/home/michael/data/ProcessedHistology/Ocelot/inputs/original/298_0_63548_71748_64572_72772.tif,4
ocelot,/home/michael/data/ProcessedHistology/Ocelot/inputs/original/346_0_47118_55313_48142_56337.tif,5
ocelot,/home/michael/data/ProcessedHistology/Ocelot/inputs/original/275_0_98427_43062_99451_44086.tif,5
ocelot,/home/michael/data/ProcessedHistology/Ocelot/inputs/original/479_0_16404_28708_17428_29732.tif,5
ocelot,/home/michael/data/ProcessedHistology/Ocelot/inputs/original/353_0_182329_65557_183353_66581.tif,5
ocelot,/home/michael/data/ProcessedHistology/Ocelot/inputs/original/547_0_122919_71702_123943_72726.tif,4
ocelot,/home/michael/data/ProcessedHistology/Ocelot/inputs/original/332_0_180224_30720_181248_31744.tif,5
ocelot,/home/michael/data/ProcessedHistology/Ocelot/inputs/original/214_0_90164_32787_91188_33811.tif,5
ocelot,/home/michael/data/ProcessedHistology/Ocelot/inputs/original/327_0_40960_22528_41984_23552.tif,4
ocelot,/home/michael/data/ProcessedHistology/Ocelot/inputs/original/139_0_67668_43061_68692_44085.tif,4
ocelot,/home/michael/data/ProcessedHistology/Ocelot/inputs/original/461_0_166045_40999_167069_42023.tif,5
ocelot,/home/michael/data/ProcessedHistology/Ocelot/inputs/original/038_0_18437_88091_19461_89115.tif,5
ocelot,/home/michael/data/ProcessedHistology/Ocelot/inputs/original/222_0_24599_22548_25623_23572.tif,4
ocelot,/home/michael/data/ProcessedHistology/Ocelot/inputs/original/374_0_149551_57362_150575_58386.tif,5
ocelot,/home/michael/data/ProcessedHistology/Ocelot/inputs/original/032_0_18432_67584_19456_68608.tif,5
ocelot,/home/michael/data/ProcessedHistology/Ocelot/inputs/original/472_0_53314_43062_54338_44086.tif,5
ocelot,/home/michael/data/ProcessedHistology/Ocelot/inputs/original/616_0_112780_79972_113804_80996.tif,4
ocelot,/home/michael/data/ProcessedHistology/Ocelot/inputs/original/426_0_38936_38936_39960_39960.tif,5
ocelot,/home/michael/data/ProcessedHistology/Ocelot/inputs/original/548_0_90140_28681_91164_29705.tif,4
ocelot,/home/michael/data/ProcessedHistology/Ocelot/inputs/original/136_0_108679_79971_109703_80995.tif,4
ocelot,/home/michael/data/ProcessedHistology/Ocelot/inputs/original/369_0_67668_36910_68692_37934.tif,5
ocelot,/home/michael/data/ProcessedHistology/Ocelot/inputs/original/090_0_57399_69698_58423_70722.tif,4
ocelot,/home/michael/data/ProcessedHistology/Ocelot/inputs/original/587_0_61516_12303_62540_13327.tif,4
ocelot,/home/michael/data/ProcessedHistology/Ocelot/inputs/original/456_0_22548_36898_23572_37922.tif,4
ocelot,/home/michael/data/ProcessedHistology/Ocelot/inputs/original/228_0_90195_96344_91219_97368.tif,5
ocelot,/home/michael/data/ProcessedHistology/Ocelot/inputs/original/622_0_30749_34848_31773_35872.tif,5
ocelot,/home/michael/data/ProcessedHistology/Ocelot/inputs/original/163_0_36910_59466_37934_60490.tif,5
ocelot,/home/michael/data/ProcessedHistology/Ocelot/inputs/original/460_0_53299_73798_54323_74822.tif,5
ocelot,/home/michael/data/ProcessedHistology/Ocelot/inputs/original/520_0_79897_86043_80921_87067.tif,5
ocelot,/home/michael/data/ProcessedHistology/Ocelot/inputs/original/240_0_36910_55365_37934_56389.tif,5
ocelot,/home/michael/data/ProcessedHistology/Ocelot/inputs/original/174_0_84073_53314_85097_54338.tif,4
ocelot,/home/michael/data/ProcessedHistology/Ocelot/inputs/original/378_0_88091_18437_89115_19461.tif,5
ocelot,/home/michael/data/ProcessedHistology/Ocelot/inputs/original/509_0_28688_38934_29712_39958.tif,4
ocelot,/home/michael/data/ProcessedHistology/Ocelot/inputs/original/300_0_30720_8192_31744_9216.tif,5
ocelot,/home/michael/data/ProcessedHistology/Ocelot/inputs/original/453_0_57415_34859_58439_35883.tif,5
ocelot,/home/michael/data/ProcessedHistology/Ocelot/inputs/original/498_0_90198_57399_91222_58423.tif,5
ocelot,/home/michael/data/ProcessedHistology/Ocelot/inputs/original/247_0_28708_75870_29732_76894.tif,4
ocelot,/home/michael/data/ProcessedHistology/Ocelot/inputs/original/525_0_157745_55313_158769_56337.tif,5
ocelot,/home/michael/data/ProcessedHistology/Ocelot/inputs/original/326_0_55296_51200_56320_52224.tif,4
ocelot,/home/michael/data/ProcessedHistology/Ocelot/inputs/original/149_0_84072_41011_85096_42035.tif,4
ocelot,/home/michael/data/ProcessedHistology/Ocelot/inputs/original/503_0_53278_10246_54302_11270.tif,4
ocelot,/home/michael/data/ProcessedHistology/Ocelot/inputs/original/660_0_51264_32809_52288_33833.tif,4
ocelot,/home/michael/data/ProcessedHistology/Ocelot/inputs/original/077_0_28699_57399_29723_58423.tif,5
ocelot,/home/michael/data/ProcessedHistology/Ocelot/inputs/original/522_0_24584_0_25608_1024.tif,5
ocelot,/home/michael/data/ProcessedHistology/Ocelot/inputs/original/088_0_88147_63548_89171_64572.tif,4
ocelot,/home/michael/data/ProcessedHistology/Ocelot/inputs/original/510_0_47131_71721_48155_72745.tif,4
ocelot,/home/michael/data/ProcessedHistology/Ocelot/inputs/original/459_0_30758_61516_31782_62540.tif,4
ocelot,/home/michael/data/ProcessedHistology/Ocelot/inputs/original/254_0_43062_51264_44086_52288.tif,5
ocelot,/home/michael/data/ProcessedHistology/Ocelot/inputs/original/280_0_71769_45112_72793_46136.tif,4
ocelot,/home/michael/data/ProcessedHistology/Ocelot/inputs/original/635_0_8192_81920_9216_82944.tif,5
ocelot,/home/michael/data/ProcessedHistology/Ocelot/inputs/original/610_0_110694_86096_111718_87120.tif,4
ocelot,/home/michael/data/ProcessedHistology/Ocelot/inputs/original/167_0_34859_18455_35883_19479.tif,4
ocelot,/home/michael/data/ProcessedHistology/Ocelot/inputs/original/269_0_71769_12303_72793_13327.tif,4
ocelot,/home/michael/data/ProcessedHistology/Ocelot/inputs/original/253_0_133286_65618_134310_66642.tif,5
ocelot,/home/michael/data/ProcessedHistology/Ocelot/inputs/original/444_0_133286_38961_134310_39985.tif,4
ocelot,/home/michael/data/ProcessedHistology/Ocelot/inputs/original/412_0_96316_65577_97340_66601.tif,4
ocelot,/home/michael/data/ProcessedHistology/Ocelot/inputs/original/017_0_49152_55296_50176_56320.tif,5
ocelot,/home/michael/data/ProcessedHistology/Ocelot/inputs/original/398_0_55328_155739_56352_156763.tif,4
ocelot,/home/michael/data/ProcessedHistology/Ocelot/inputs/original/063_0_12292_38924_13316_39948.tif,5
ocelot,/home/michael/data/ProcessedHistology/Ocelot/inputs/original/314_0_141312_65536_142336_66560.tif,5
ocelot,/home/michael/data/ProcessedHistology/Ocelot/inputs/original/230_0_34848_63546_35872_64570.tif,5
ocelot,/home/michael/data/ProcessedHistology/Ocelot/inputs/original/241_0_147640_14354_148664_15378.tif,5
ocelot,/home/michael/data/ProcessedHistology/Ocelot/inputs/original/608_0_118894_92245_119918_93269.tif,4
ocelot,/home/michael/data/ProcessedHistology/Ocelot/inputs/original/175_0_57416_55365_58440_56389.tif,4
ocelot,/home/michael/data/ProcessedHistology/Ocelot/inputs/original/359_0_45070_69654_46094_70678.tif,5
ocelot,/home/michael/data/ProcessedHistology/Ocelot/inputs/original/177_0_102495_32798_103519_33822.tif,4
ocelot,/home/michael/data/ProcessedHistology/Ocelot/inputs/original/477_0_12303_32809_13327_33833.tif,5
ocelot,/home/michael/data/ProcessedHistology/Ocelot/inputs/original/482_0_67668_86123_68692_87147.tif,5
ocelot,/home/michael/data/ProcessedHistology/Ocelot/inputs/original/131_0_67668_30758_68692_31782.tif,4
ocelot,/home/michael/data/ProcessedHistology/Ocelot/inputs/original/058_0_73751_73751_74775_74775.tif,4
ocelot,/home/michael/data/ProcessedHistology/Ocelot/inputs/original/083_0_84047_32799_85071_33823.tif,4
ocelot,/home/michael/data/ProcessedHistology/Ocelot/inputs/original/496_0_28699_22549_29723_23573.tif,5
ocelot,/home/michael/data/ProcessedHistology/Ocelot/inputs/original/130_0_59466_49213_60490_50237.tif,4
ocelot,/home/michael/data/ProcessedHistology/Ocelot/inputs/original/656_0_69719_43062_70743_44086.tif,5
ocelot,/home/michael/data/ProcessedHistology/Ocelot/inputs/original/321_0_98304_8192_99328_9216.tif,5
ocelot,/home/michael/data/ProcessedHistology/Ocelot/inputs/original/554_0_110697_73798_111721_74822.tif,4
ocelot,/home/michael/data/ProcessedHistology/Ocelot/inputs/original/173_0_110730_69719_111754_70743.tif,5
ocelot,/home/michael/data/ProcessedHistology/Ocelot/inputs/original/133_0_88173_43061_89197_44085.tif,4
ocelot,/home/michael/data/ProcessedHistology/Ocelot/inputs/original/606_0_86096_18448_87120_19472.tif,5
ocelot,/home/michael/data/ProcessedHistology/Ocelot/inputs/original/356_0_28681_20486_29705_21510.tif,5
ocelot,/home/michael/data/ProcessedHistology/Ocelot/inputs/original/186_0_47163_43062_48187_44086.tif,5
ocelot,/home/michael/data/ProcessedHistology/Ocelot/inputs/original/351_0_73751_51216_74775_52240.tif,5
ocelot,/home/michael/data/ProcessedHistology/Ocelot/inputs/original/425_0_20493_6148_21517_7172.tif,4
ocelot,/home/michael/data/ProcessedHistology/Ocelot/inputs/original/132_0_38960_45112_39984_46136.tif,4
ocelot,/home/michael/data/ProcessedHistology/Ocelot/inputs/original/536_0_49168_6145_50192_7169.tif,5
ocelot,/home/michael/data/ProcessedHistology/Ocelot/inputs/original/424_0_61478_77872_62502_78896.tif,5
ocelot,/home/michael/data/ProcessedHistology/Ocelot/inputs/original/092_0_40999_36899_42023_37923.tif,5
ocelot,/home/michael/data/ProcessedHistology/Ocelot/inputs/original/507_0_45082_75819_46106_76843.tif,4
ocelot,/home/michael/data/ProcessedHistology/Ocelot/inputs/original/354_0_163892_10243_164916_11267.tif,5
ocelot,/home/michael/data/ProcessedHistology/Ocelot/inputs/original/642_0_49180_36885_50204_37909.tif,4
ocelot,/home/michael/data/ProcessedHistology/Ocelot/inputs/original/601_0_53299_73798_54323_74822.tif,4
ocelot,/home/michael/data/ProcessedHistology/Ocelot/inputs/original/634_0_57344_67584_58368_68608.tif,5
ocelot,/home/michael/data/ProcessedHistology/Ocelot/inputs/original/582_0_43061_57415_44085_58439.tif,5
ocelot,/home/michael/data/ProcessedHistology/Ocelot/inputs/original/499_0_34848_53299_35872_54323.tif,5
ocelot,/home/michael/data/ProcessedHistology/Ocelot/inputs/original/519_0_147503_2048_148527_3072.tif,5
ocelot,/home/michael/data/ProcessedHistology/Ocelot/inputs/original/526_0_139308_47118_140332_48142.tif,5
ocelot,/home/michael/data/ProcessedHistology/Ocelot/inputs/original/468_0_90198_73798_91222_74822.tif,4
ocelot,/home/michael/data/ProcessedHistology/Ocelot/inputs/original/084_0_69698_49199_70722_50223.tif,5
ocelot,/home/michael/data/ProcessedHistology/Ocelot/inputs/original/324_0_28672_20480_29696_21504.tif,4
ocelot,/home/michael/data/ProcessedHistology/Ocelot/inputs/original/518_0_59466_45112_60490_46136.tif,5
ocelot,/home/michael/data/ProcessedHistology/Ocelot/inputs/original/287_0_20506_55365_21530_56389.tif,5
ocelot,/home/michael/data/ProcessedHistology/Ocelot/inputs/original/093_0_100447_49199_101471_50223.tif,4
ocelot,/home/michael/data/ProcessedHistology/Ocelot/inputs/original/546_0_53265_6145_54289_7169.tif,4
ocelot,/home/michael/data/ProcessedHistology/Ocelot/inputs/original/600_0_69696_40998_70720_42022.tif,4
ocelot,/home/michael/data/ProcessedHistology/Ocelot/inputs/original/322_0_71680_47104_72704_48128.tif,4
ocelot,/home/michael/data/ProcessedHistology/Ocelot/inputs/original/343_0_22534_65557_23558_66581.tif,5
ocelot,/home/michael/data/ProcessedHistology/Ocelot/inputs/original/320_0_102400_20480_103424_21504.tif,5
ocelot,/home/michael/data/ProcessedHistology/Ocelot/inputs/original/494_0_59448_24599_60472_25623.tif,5
ocelot,/home/michael/data/ProcessedHistology/Ocelot/inputs/original/493_0_110697_26649_111721_27673.tif,5
